{"cameraMode":{"drawMode":0,"name":"Shaded","section":"Shading Mode"},"sceneLighting":false,"audioPlay":false,"sceneViewState":{"m_AlwaysRefresh":false,"showFog":true,"showSkybox":false,"showFlares":true,"showImageEffects":true,"showParticleSystems":true,"showVisualEffectGraphs":true,"m_FxEnabled":true},"in2DMode":false,"pivot":{"x":0.8272764086723328,"y":1.0601099729537964,"z":-0.8773946166038513},"rotation":{"x":-0.19815023243427277,"y":0.21043722331523896,"z":-0.04360267147421837,"w":-0.9563195109367371},"size":0.7088723182678223,"orthographic":false}